permalink,title,unreleased
"/assignments/assign2/","Assignment 2: Implementing a Clock",true
"/assignments/assign3/","Assignment 3: Implementing a string formatting library",true
"/assignments/assign4/","Assignment 4: Backtrace, Redzones, and STABS",true
"/assignments/assign5/","Assignment 5: Basic Graphics Library and Console",true
"/assignments/assign6/","Assignment 6: From Keyboard to Screen",true
"/assignments/assign7/","Assignment 7: Full Console",true
"/assignments/project/","Project",true
"/labs/lab2/","Lab 2: Below C Level",true
"/labs/lab3/","Lab 3: Debugging",true
"/labs/lab4/","Lab 4: Linking and Loading",true
"/labs/lab5/","Lab 5: Framebuffer",true
"/labs/lab6/","Lab 6: Keyboard Surfin",true
"/labs/lab7/","Lab 7: Raspberry Pi, Interrupted",true
"","C2: Pointers and Arrays",true
